{
  "$schema": "https://cloud.uipath.com/draft/2024-12/entry-point",
  "entryPoints": [
    {
      "filePath": "Main.xaml",
      "uniqueId": "f0b3bfa6-5891-4fc6-8717-c3e30cb5882a",
      "type": "process",
      "input": {
        "type": "object",
        "properties": {
          "in_OrchestratorQueueName": {
            "type": "string"
          },
          "in_OrchestratorQueueFolder": {
            "type": "string"
          }
        },
        "required": []
      },
      "output": {
        "type": "object",
        "properties": {
          "out_DataTable": {
            "type": "array",
            "items": {
              "type": "object"
            }
          }
        }
      }
    }
  ]
}